Workbook

Sheet README
A1: pyBuildingEnergy – building input (ISO 52016-1)
A3: How to use
A4: 1. Fill in the sheets 'Building', 'Surfaces' and 'Profiles'. Keep this file next to my_building.py (or set EXCEL_FILE in my_building.py).
A5: 2. Save the workbook, then run: python run_demand.py
A6: 3. 'Summary' recalculates automatically (areas, window-to-wall ratio, UA) – use it to sanity-check the input. It is not read by Python.
A8: Legend
A9: INPUT
A10: Window-only input (leave blank for opaque surfaces)
A11: Calculated – do not edit
A12: Grey keys in column A of 'Building' and the header names in row 4 of 'Surfaces' / 'Profiles' are read by Python – do not rename them.
A14: Conventions
A15: Azimuth: 0 = North, 90 = East, 180 = South, 270 = West. Tilt: 0 = horizontal facing up (roof), 90 = vertical (wall), 180 = horizontal facing down (floor).
... A24: Adjacent unconditioned zones are not included in this template.

Sheet Building
A1: Building – general data
A2: Edit the yellow cells in column C only.
A4: key | B4: Parameter | C4: Value | D4: Unit | E4: Notes / allowed values
B5: General
A6: name | B6: Building name | C6: Archetype_ITA_SFH_2010 | D6: -
A7: country | B7: Country | C7: Italy | D7: -
A8: latitude | B8: Latitude | C8: 41.9 | D8: ° | E8: Used for solar position and for PVGIS weather download
A9: longitude | B9: Longitude | C9: 12.5 | D9: °
A10: azimuth_relative_to_true_north | B10: Building rotation vs. true north | C10: 0 | D10: °
A11: building_type_class | B11: Building type | C11: Residential_apartment | D11: - | E11: Sets default internal gain tables (ISO 16798-1)
A12: construction_class | B12: Construction class (mass distribution) | C12: class_i | D12: - | E12: class_i = mass inside, class_e = outside, class_ie = split, class_d = distributed, class_m = in the middle
A13: construction_year | B13: Construction year / period | C13: 2010-today | D13: - | E13: Text, e.g. 2010-today
B14: Geometry
A15: net_floor_area | B15: Net conditioned floor area | C15: 120 | D15: m² | E15: Used for kWh/m² results and gains
A16: height | B16: Building height | C16: 6 | D16: m
A17: n_floors | B17: Number of floors | C17: 2 | D17: -
A18: exposed_perimeter | B18: Exposed perimeter of ground floor | C18: 40 | D18: m | E18: Used in ground heat transfer (ISO 13370)
A19: wall_thickness | B19: External wall thickness | C19: 0.35 | D19: m
B20: Temperature setpoints
A21: heating_setpoint | B21: Heating setpoint | C21: 20 | D21: °C | E21: When heating profile = 1
A22: heating_setback | B22: Heating setback | C22: 17 | D22: °C | E22: When heating profile = 0
A23: cooling_setpoint | B23: Cooling setpoint | C23: 26 | D23: °C | E23: When cooling profile = 1
A24: cooling_setback | B24: Cooling setback | C24: 30 | D24: °C | E24: When cooling profile = 0
B25: System capacities
A26: heating_capacity | B26: Max heating power | C26: 10000000 | D26: W | E26: Very large value = ideal demand (no limit)
A27: cooling_capacity | B27: Max cooling power | C27: 12000000 | D27: W | E27: Very large value = ideal demand (no limit)
B28: Ventilation
A29: ventilation_type | B29: Ventilation type | C29: occupancy | D29: - | E29: occupancy = flow per floor area below; custom = fixed H_ve below; temp_wind = window airing model; none = off
A30: flow_rate_per_person | B30: Ventilation flow rate | C30: 0.3 | D30: l/(s·m²) | E30: Per m² floor area (used when type = occupancy)
A31: custom_heat_transfer_coefficient_ventilation | B31: Custom ventilation heat transfer coeff. | C31: 0 | D31: W/K | E31: Used when type = custom
B32: Thermal bridges & climate
A33: thermal_bridge_heat_W_K | B33: Total thermal bridge coefficient | C33: 2 | D33: W/K | E33: Sum of ψ·l + χ
A34: coldest_month | B34: Coldest month | C34: 1 | D34: 1–12 | E34: 1 = January
B35: Internal gains (peak values)
A36: gain_occupants | B36: Occupants – full load | C36: 4.2 | D36: W/m² | E36: Multiplied by the hourly profile on 'Profiles'
A37: gain_appliances | B37: Appliances – full load | C37: 3 | D37: W/m²
A38: gain_lighting | B38: Lighting – full load | C38: 3 | D38: W/m²

Sheet Surfaces
A1: Building envelope – one row per surface
A2: Yellow = all surfaces, green = windows only (leave blank for opaque). Add surfaces below the last row; first empty name ends the list.
A3: All surfaces | M3: Windows only
A4: name | B4: type | C4: boundary | D4: area | E4: u_value | F4: azimuth | G4: tilt | H4: sky_view_factor | I4: solar_absorptance | J4: thermal_capacity | K4: height | L4: length | M4: g_value | N4: width | O4: parapet | P4: shading | Q4: shading_type | R4: width_or_distance_of_shading_elements | S4: width_of_horizontal_overhangs
A5: Name [-] | B5: Type [opaque / transparent] | C5: Boundary [OUTDOORS / GROUND] | D5: Area [m²] | E5: U-value [W/m²K] | F5: Azimuth [° (0=N, 90=E)] | G5: Tilt [° (0=up, 90=vert)] | H5: Sky view factor [0–1] | I5: Solar absorptance [0–1] | J5: Areal heat capacity [J/m²K] | K5: Height [m] | L5: Length [m (opaque)] | M5: g-value [0–1] | N5: Width [m] | O5: Parapet height [m] | P5: Shading [TRUE / FALSE] | Q5: Shading type [-] | R5: Shading distance [m] | S5: Overhang depth [m]
A6: Roof surface | B6: opaque | C6: OUTDOORS | D6: 30 | E6: 1 | F6: 0 | G6: 0 | H6: 1 | I6: 0.4 | J6: 741500 | K6: 10 | L6: 13
A7: Opaque north surface | B7: opaque | C7: OUTDOORS | D7: 30 | E7: 1 | F7: 0 | G7: 90 | H7: 0.5 | I7: 0.4 | J7: 1416240 | K7: 10 | L7: 3
A8: Opaque south surface | B8: opaque | C8: OUTDOORS | D8: 30 | E8: 1 | F8: 180 | G8: 90 | H8: 0.5 | I8: 0.4 | J8: 1416240 | K8: 10 | L8: 3
A9: Opaque east surface | B9: opaque | C9: OUTDOORS | D9: 30 | E9: 1 | F9: 90 | G9: 90 | H9: 0.5 | I9: 0.6 | J9: 1416240 | K9: 10 | L9: 3
A10: Opaque west surface | B10: opaque | C10: OUTDOORS | D10: 30 | E10: 1 | F10: 270 | G10: 90 | H10: 0.5 | I10: 0.7 | J10: 1416240 | K10: 10 | L10: 3
A11: Slab to ground | B11: opaque | C11: OUTDOORS | D11: 30 | E11: 1 | F11: 0 | G11: 0 | H11: 0.5 | I11: 0.6 | J11: 405801 | K11: 10 | L11: 10
A12: Transparent east surface | B12: transparent | C12: OUTDOORS | D12: 3 | E12: 1 | F12: 90 | G12: 90 | H12: 0.5 | I12: 0.5 | J12: 0 | K12: 2 | M12: 0.726 | N12: 1 | O12: 1.1 | P12: =FALSE() -> FALSE | Q12: horizontal_overhang | R12: 0.5 | S12: 1
A13: Transparent west surface | B13: transparent | C13: OUTDOORS | D13: 5 | E13: 1 | F13: 270 | G13: 90 | H13: 0.5 | I13: 0.5 | J13: 0 | K13: 2 | M13: 0.726 | N13: 1 | O13: 1.1 | P13: =FALSE() -> FALSE | Q13: horizontal_overhang | R13: 0.5 | S13: 1

Sheet Profiles
A1: Hourly profiles (0–1)
A2: Internal gains: fraction of the full load on 'Building'. Heating/cooling/ventilation: 1 = on, 0 = off/setback.
A4: hour | B4: occupants_weekday | C4: occupants_weekend | D4: appliances_weekday | E4: appliances_weekend | F4: lighting_weekday | G4: lighting_weekend | H4: heating_weekday | I4: heating_weekend | J4: cooling_weekday | K4: cooling_weekend | L4: ventilation_weekday | M4: ventilation_weekend
A5: 0 | B5: 1 | C5: 1 | D5: 0.5 | E5: 0.5 | F5: 0 | G5: 0 | H5: 0 | I5: 0 | J5: 0 | K5: 0 | L5: 0 | M5: 0
A6: 1 | B6: 1 | C6: 1 | D6: 0.5 | E6: 0.5 | F6: 0 | G6: 0 | H6: 0 | I6: 0 | J6: 0 | K6: 0 | L6: 0 | M6: 0
A7: 2 | B7: 1 | C7: 1 | D7: 0.5 | E7: 0.5 | F7: 0 | G7: 0 | H7: 0 | I7: 0 | J7: 0 | K7: 0 | L7: 0 | M7: 0
A8: 3 | B8: 1 | C8: 1 | D8: 0.5 | E8: 0.5 | F8: 0 | G8: 0 | H8: 0 | I8: 0 | J8: 0 | K8: 0 | L8: 0 | M8: 0
A9: 4 | B9: 1 | C9: 1 | D9: 0.5 | E9: 0.5 | F9: 0 | G9: 0 | H9: 0 | I9: 0 | J9: 0 | K9: 0 | L9: 0 | M9: 0
A10: 5 | B10: 1 | C10: 1 | D10: 0.5 | E10: 0.5 | F10: 0 | G10: 0 | H10: 1 | I10: 1 | J10: 1 | K10: 0 | L10: 1 | M10: 1
A11: 6 | B11: 0.5 | C11: 0.5 | D11: 0.5 | E11: 0.5 | F11: 0.15 | G11: 0.15 | H11: 1 | I11: 1 | J11: 1 | K11: 0 | L11: 1 | M11: 1
A12: 7 | B12: 0.5 | C12: 0.5 | D12: 0.7 | E12: 0.7 | F12: 0.15 | G12: 0.15 | H12: 1 | I12: 1 | J12: 1 | K12: 1 | L12: 1 | M12: 1
A13: 8 | B13: 0.5 | C13: 0.5 | D13: 0.7 | E13: 0.7 | F13: 0.15 | G13: 0.15 | H13: 1 | I13: 1 | J13: 1 | K13: 1 | L13: 1 | M13: 1
A14: 9 | B14: 0.1 | C14: 0.1 | D14: 0.5 | E14: 0.5 | F14: 0.15 | G14: 0.15 | H14: 1 | I14: 1 | J14: 1 | K14: 1 | L14: 1 | M14: 1
A15: 10 | B15: 0.1 | C15: 0.1 | D15: 0.5 | E15: 0.5 | F15: 0.05 | G15: 0.05 | H15: 1 | I15: 1 | J15: 1 | K15: 1 | L15: 1 | M15: 1
A16: 11 | B16: 0.1 | C16: 0.1 | D16: 0.6 | E16: 0.6 | F16: 0.05 | G16: 0.05 | H16: 1 | I16: 1 | J16: 1 | K16: 1 | L16: 1 | M16: 1
... A28: 23 | B28: 1 | C28: 1 | D28: 0.6 | E28: 0.6 | F28: 0.15 | G28: 0.15 | H28: 0 | I28: 0 | J28: 0 | K28: 0 | L28: 0 | M28: 0
A29: Hour 0 = 00:00–01:00

Sheet Summary
A1: Input summary (calculated – for checking only, not read by Python)
A2: Areas
A3: Net floor area | B3: =Building!$C$15 -> 120 | C3: m²
A4: Opaque area – outdoors | B4: =SUMIFS(Surfaces!$D$6:$D$55,Surfaces!$B$6:$B$55,"opaque",Surfaces!$C$6:$C$55,"OUTDOORS") -> 180 | C4: m²
A5: Opaque area – ground | B5: =SUMIFS(Surfaces!$D$6:$D$55,Surfaces!$B$6:$B$55,"opaque",Surfaces!$C$6:$C$55,"GROUND") -> 0 | C5: m²
A6: Window area | B6: =SUMIFS(Surfaces!$D$6:$D$55,Surfaces!$B$6:$B$55,"transparent") -> 8 | C6: m²
A7: Total envelope area | B7: =SUM(Surfaces!$D$6:$D$55) -> 188 | C7: m²
A8: Window-to-floor ratio | B8: =IF(B3>0,B6/B3,0) -> 0.066666667
A9: Heat loss
A10: UA envelope (Σ A·U) | B10: =SUMPRODUCT(Surfaces!$D$6:$D$55,Surfaces!$E$6:$E$55) -> 188 | C10: W/K
A11: Thermal bridges | B11: =Building!$C$33 -> 2 | C11: W/K
A12: Total transmission H_tr | B12: =B10+B11 -> 190 | C12: W/K
A13: Mean U-value | B13: =IF(B7>0,B10/B7,0) -> 1 | C13: W/m²K
A14: H_tr per m² floor | B14: =IF(B3>0,B12/B3,0) -> 1.5833333 | C14: W/m²K
A16: Vertical surfaces by orientation (tilt = 90°)
A17: Orientation | B17: Azimuth [°] | C17: Wall area [m²] | D17: Window area [m²] | E17: Window-to-wall ratio
A18: North | B18: 0 | C18: =SUMIFS(Surfaces!$D$6:$D$55,Surfaces!$B$6:$B$55,"opaque",Surfaces!$F$6:$F$55,B18,Surfaces!$G$6:$G$55,90) -> 30 | D18: =SUMIFS(Surfaces!$D$6:$D$55,Surfaces!$B$6:$B$55,"transparent",Surfaces!$F$6:$F$55,B18,Surfaces!$G$6:$G$55,90) -> 0 | E18: =IF(C18+D18>0,D18/(C18+D18),0) -> 0
A19: East | B19: 90 | C19: =SUMIFS(Surfaces!$D$6:$D$55,Surfaces!$B$6:$B$55,"opaque",Surfaces!$F$6:$F$55,B19,Surfaces!$G$6:$G$55,90) -> 30 | D19: =SUMIFS(Surfaces!$D$6:$D$55,Surfaces!$B$6:$B$55,"transparent",Surfaces!$F$6:$F$55,B19,Surfaces!$G$6:$G$55,90) -> 3 | E19: =IF(C19+D19>0,D19/(C19+D19),0) -> 0.090909091
A20: South | B20: 180 | C20: =SUMIFS(Surfaces!$D$6:$D$55,Surfaces!$B$6:$B$55,"opaque",Surfaces!$F$6:$F$55,B20,Surfaces!$G$6:$G$55,90) -> 30 | D20: =SUMIFS(Surfaces!$D$6:$D$55,Surfaces!$B$6:$B$55,"transparent",Surfaces!$F$6:$F$55,B20,Surfaces!$G$6:$G$55,90) -> 0 | E20: =IF(C20+D20>0,D20/(C20+D20),0) -> 0
A21: West | B21: 270 | C21: =SUMIFS(Surfaces!$D$6:$D$55,Surfaces!$B$6:$B$55,"opaque",Surfaces!$F$6:$F$55,B21,Surfaces!$G$6:$G$55,90) -> 30 | D21: =SUMIFS(Surfaces!$D$6:$D$55,Surfaces!$B$6:$B$55,"transparent",Surfaces!$F$6:$F$55,B21,Surfaces!$G$6:$G$55,90) -> 5 | E21: =IF(C21+D21>0,D21/(C21+D21),0) -> 0.14285714
A23: Only surfaces with exactly these azimuths are counted; walls (opaque) and windows are listed as separate surfaces.
